id,child_name,parent_email,created_at
1,Emma Johnson,emma.johnson@daycare.local,2026-05-17 14:19:32
2,Liam Smith,liam.smith@daycare.local,2026-05-17 14:19:32
3,Olivia Brown,olivia.brown@daycare.local,2026-05-17 14:19:32
4,Noah Davis,noah.davis@daycare.local,2026-05-17 14:19:32
5,Emma,emma@daycare.local,2026-05-17 14:22:11
6,heesun lee,heesun.lee@daycare.local,2026-05-17 14:39:54
7,Tommy,tommy@daycare.local,2026-05-17 16:36:07
8,Milla,milla@daycare.local,2026-05-17 16:36:07
9,Alice Smith,alice.smith@daycare.local,2026-05-17 16:36:07
10,Bob Smith,bob.smith@daycare.local,2026-05-17 16:36:07
11,Charlie Jones,charlie.jones@daycare.local,2026-05-17 16:36:07